{"train/loss": 10.4191, "train/grad_norm": 1813.303466796875, "train/learning_rate": 9.996166505235404e-05, "train/epoch": 0.14, "train/global_step": 33, "_timestamp": 1713197571.485676, "_runtime": 63.12413501739502, "_step": 32}