{"train/loss": 11.51, "train/grad_norm": 0.017655085772275925, "train/learning_rate": 9.992002831278708e-05, "train/epoch": 0.09, "train/global_step": 23, "_timestamp": 1713206856.6984477, "_runtime": 14.165286779403687, "_step": 22}