{
    "epoch": 0.9361702127659575,
    "total_flos": 5.048370280267776e+16,
    "train_loss": 1.5508125912059436,
    "train_runtime": 440.6281,
    "train_samples_per_second": 1.686,
    "train_steps_per_second": 0.025
}