{
    "epoch": 9.92,
    "eval_loss": 1.0277122259140015,
    "eval_runtime": 20.6065,
    "eval_samples_per_second": 5.338,
    "eval_steps_per_second": 1.359,
    "train_loss": 0.6940702844838627,
    "train_runtime": 7696.6186,
    "train_samples_per_second": 1.277,
    "train_steps_per_second": 0.079
}