{"train/loss": 11.9825, "train/grad_norm": 1042.467041015625, "train/learning_rate": 2.3333333333333336e-06, "train/epoch": 0.13333333333333333, "train/global_step": 7, "_timestamp": 1713276678.1318092, "_runtime": 19.459068298339844, "_step": 6}