{"train/loss": 0.0501, "train/grad_norm": 0.9402107000350952, "train/learning_rate": 0.0006470018427256702, "train/epoch": 2.5217697453350545, "train/global_step": 13430, "_timestamp": 1714404659.017883, "_runtime": 39224.070029973984, "_step": 1042}