{"train/loss": 0.0513, "train/grad_norm": 0.8711532354354858, "train/learning_rate": 0.0006447887837344767, "train/epoch": 2.5311583147517895, "train/global_step": 13480, "_timestamp": 1714404843.9092188, "_runtime": 39408.96136569977, "_step": 1047}