{"train/loss": 10.4624, "train/grad_norm": 0.0001668627082835883, "train/learning_rate": 9.328157260453286e-05, "train/epoch": 0.54, "train/global_step": 121, "_timestamp": 1713206018.1543615, "_runtime": 19.399011373519897, "_step": 120}