{"train/loss": 10.7256, "train/grad_norm": 28860.044921875, "train/learning_rate": 9e-05, "train/epoch": 0.09, "train/global_step": 21, "_timestamp": 1713193594.3001182, "_runtime": 674.7930431365967, "_step": 20}