{"train/loss": 46.1506, "train/grad_norm": 0.0, "train/learning_rate": 9.969262852990326e-05, "train/epoch": 0.15, "train/global_step": 32, "_timestamp": 1713205374.6107156, "_runtime": 27.349822521209717, "_step": 31}