{"train/loss": 0.0, "train/grad_norm": 0.0, "train/learning_rate": 9.966408264461453e-05, "train/epoch": 0.16, "train/global_step": 33, "_timestamp": 1713205314.2271488, "_runtime": 41.41322374343872, "_step": 32}