{
    "epoch": 2.98,
    "eval_loss": 1.489701747894287,
    "eval_runtime": 20.7906,
    "eval_samples_per_second": 5.291,
    "eval_steps_per_second": 1.347,
    "train_loss": 1.47558260224556,
    "train_runtime": 2475.8436,
    "train_samples_per_second": 1.191,
    "train_steps_per_second": 0.074
}