{
    "epoch": 2.99,
    "eval_loss": 1.774278998374939,
    "eval_runtime": 11.9332,
    "eval_samples_per_second": 15.754,
    "eval_steps_per_second": 3.939,
    "train_loss": 1.8878536163814483,
    "train_runtime": 1486.6316,
    "train_samples_per_second": 3.404,
    "train_steps_per_second": 0.212
}