{"train/loss": 12.4844, "train/grad_norm": 103.5254898071289, "train/learning_rate": 8.333333333333334e-06, "train/epoch": 0.48, "train/global_step": 25, "_timestamp": 1713275970.3962271, "_runtime": 64.46001720428467, "_step": 24}