{
    "epoch": 2.98,
    "eval_loss": 1.591406226158142,
    "eval_runtime": 20.663,
    "eval_samples_per_second": 5.324,
    "eval_steps_per_second": 1.355,
    "train_loss": 1.6560432142247268,
    "train_runtime": 2296.894,
    "train_samples_per_second": 1.284,
    "train_steps_per_second": 0.08
}