{"train/loss": 9.785, "train/grad_norm": 31.75705909729004, "train/learning_rate": 9.999242688802886e-05, "train/epoch": 0.08, "train/global_step": 20, "_timestamp": 1713204646.9875877, "_runtime": 18.53485679626465, "_step": 19}