{"train/loss": 11.8912, "train/grad_norm": 84.31442260742188, "train/learning_rate": 4.666666666666667e-06, "train/epoch": 0.26666666666666666, "train/global_step": 14, "_timestamp": 1713276778.6830816, "_runtime": 24.616662740707397, "_step": 13}